{"last_tab":"","layout":"wide","site_width":"1440px","margin_offset":{"top":"0","bottom":"0"},"scroll_offset":"full","boxed_modal_shadow":"none","main_padding":{"top":"100px","bottom":"5%"},"hundredp_padding":"0px","sidebar_width":"25%","sidebar_gutter":"","sidebar_2_1_width":"21%","sidebar_2_2_width":"21%","dual_sidebar_gutter":"","responsive":"1","grid_main_break_point":"1169","side_header_break_point":"960","content_break_point":"1169","sidebar_break_point":"960","mobile_zoom":"1","typography_sensitivity":"0.99","typography_factor":"1.50","primary_color":"#f75159","color_palette":"#f44336|#E91E63|#03A9F4|#00BCD4|#8BC34A|#FFEB3B|#FFC107|#FF9800|#607D8B","header_position":"top","header_layout":"v1","slider_position":"below","header_left_content":"leave_empty","header_right_content":"leave_empty","header_v4_content":"none","header_number":"","header_email":"","header_tagline":"","header_banner_code":"","header_bg_image":{"url":"","id":"","height":"","width":"","thumbnail":""},"header_bg_full":"1","header_bg_parallax":"0","header_bg_repeat":"no-repeat","side_header_width":"280","header_padding":{"top":"0","right":"0","bottom":"0","left":"0"},"header_shadow":"0","header_100_width":"1","header_bg_color":"rgba(32,33,42,0.7)","archive_header_bg_color":"rgba(32,33,42,0.7)","header_border_color":"rgba(255,255,255,0)","header_top_bg_color":"#f75159","tagline_font_size":"18px","tagline_font_color":"#ffffff","header_sticky":"1","header_sticky_tablet":"0","header_sticky_mobile":"0","header_sticky_shrinkage":"1","header_sticky_type2_layout":"menu_and_logo","header_sticky_shadow":"1","header_sticky_bg_color":"#ffffff","header_sticky_menu_color":"#333c4e","header_sticky_nav_padding":"70","header_sticky_nav_font_size":"13px","nav_height":"100","menu_highlight_style":"bottombar","menu_highlight_background":"#f75159","menu_arrow_size":{"width":"23px","height":"13px"},"nav_highlight_border":"2","nav_padding":"70","mobile_nav_padding":"25","megamenu_shadow":"1","main_menu_sub_menu_animation":"fade","dropdown_menu_top_border_size":"0","dropdown_menu_width":"300","mainmenu_dropdown_vertical_padding":"20","mainmenu_dropdown_display_divider":"1","menu_display_dropdown_indicator":"parent_child","main_nav_search_icon":"0","main_nav_search_layout":"overlay","main_nav_icon_circle":"0","main_nav_highlight_radius":"0px","menu_sub_bg_color":"rgba(32,33,42,0.9)","menu_bg_hover_color":"rgba(255,255,255,0.05)","menu_sub_sep_color":"rgba(255,255,255,0.1)","menu_h45_bg_color":"#ffffff","nav_typography":{"font-family":"Source Sans Pro","font-options":"","google":"1","font-backup":"Arial, Helvetica, sans-serif","font-weight":"400","font-style":"","subsets":"latin","font-size":"13px","letter-spacing":"2px","color":"#ffffff"},"menu_text_align":"left","menu_hover_first_color":"#f75159","menu_sub_color":"#ffffff","nav_dropdown_font_size":"12px","side_nav_font_size":"13px","flyout_menu_icon_font_size":"20px","flyout_nav_icons_padding":"60","flyout_menu_icon_color":"#ffffff","flyout_menu_icon_hover_color":"#f75159","flyout_menu_background_color":"rgba(32,33,42,0.9)","flyout_menu_direction":"fade","flyout_menu_item_padding":"40","topmenu_dropwdown_width":"140","header_top_first_border_color":"rgba(255,255,255,0.1)","header_top_sub_bg_color":"rgba(32,33,42,0.9)","header_top_menu_bg_hover_color":"rgba(255,255,255,0.05)","header_top_menu_sub_sep_color":"rgba(255,255,255,0.1)","snav_font_size":"12px","sec_menu_lh":"75px","snav_color":"#ffffff","header_top_menu_sub_color":"#ffffff","header_top_menu_sub_hover_color":"#f75159","mobile_menu_design":"modern","mobile_menu_icons_top_margin":"20","mobile_menu_nav_height":"70","mobile_nav_submenu_slideout":"1","mobile_menu_search":"0","mobile_menu_submenu_indicator":"1","mobile_header_bg_color":"#20212a","mobile_archive_header_bg_color":"#20212a","mobile_menu_background_color":"#20212a","mobile_menu_hover_color":"rgba(255,255,255,0.05)","mobile_menu_border_color":"rgba(255,255,255,0.1)","mobile_menu_toggle_color":"#ffffff","mobile_menu_typography":{"font-family":"Source Sans Pro","font-options":"","google":"1","font-backup":"Verdana, Geneva, sans-serif","font-weight":"600","font-style":"","subsets":"","font-size":"16px","line-height":"70px","letter-spacing":"2px","color":"#ffffff"},"mobile_menu_font_hover_color":"#f75159","mobile_menu_text_align":"left","megamenu_width":"custom_width","megamenu_max_width":"1440","megamenu_interior_content_width":"viewport_width","megamenu_title_size":"18px","megamenu_item_vertical_padding":"5","megamenu_item_display_divider":"0","menu_icon_position":"left","menu_icon_size":"15","menu_icon_color":"#ffffff","menu_icon_hover_color":"#f75159","menu_thumbnail_size":{"width":"26px","height":"15px"},"logo_alignment":"left","logo_margin":{"top":"20px","right":"0px","bottom":"20px","left":"0px"},"logo_background":"0","logo_background_color":"rgba(255,255,255,0)","logo_custom_link":"","logo":{"url":"http:\/\/masteravada.kinsta.cloud\/wp-content\/uploads\/2020\/02\/mi-main-logo.png","id":"31","height":"60","width":"73","thumbnail":"http:\/\/masteravada.kinsta.cloud\/wp-content\/uploads\/2020\/02\/mi-main-logo.png"},"logo_retina":{"url":"http:\/\/masteravada.kinsta.cloud\/wp-content\/uploads\/2020\/02\/mi-main-logo-retina.png","id":"30","height":"120","width":"146","thumbnail":"http:\/\/masteravada.kinsta.cloud\/wp-content\/uploads\/2020\/02\/mi-main-logo-retina.png"},"sticky_header_logo":{"url":"http:\/\/masteravada.kinsta.cloud\/wp-content\/uploads\/2020\/02\/mi-sticky-logo.png","id":"29","height":"60","width":"73","thumbnail":"http:\/\/masteravada.kinsta.cloud\/wp-content\/uploads\/2020\/02\/mi-sticky-logo.png"},"sticky_header_logo_retina":{"url":"http:\/\/masteravada.kinsta.cloud\/wp-content\/uploads\/2020\/02\/mi-sticky-logo-retina.png","id":"28","height":"120","width":"146","thumbnail":"http:\/\/masteravada.kinsta.cloud\/wp-content\/uploads\/2020\/02\/mi-sticky-logo-retina.png"},"mobile_logo":{"url":"http:\/\/masteravada.kinsta.cloud\/wp-content\/uploads\/2020\/02\/mi-main-logo-1.png","id":"27","height":"60","width":"73","thumbnail":"http:\/\/masteravada.kinsta.cloud\/wp-content\/uploads\/2020\/02\/mi-main-logo-1.png"},"mobile_logo_retina":{"url":"http:\/\/masteravada.kinsta.cloud\/wp-content\/uploads\/2020\/02\/mi-main-logo-retina-1.png","id":"26","height":"120","width":"146","thumbnail":"http:\/\/masteravada.kinsta.cloud\/wp-content\/uploads\/2020\/02\/mi-main-logo-retina-1.png"},"favicon":{"url":"http:\/\/masteravada.kinsta.cloud\/wp-content\/uploads\/2020\/02\/32.png","id":"36","height":"32","width":"32","thumbnail":"http:\/\/masteravada.kinsta.cloud\/wp-content\/uploads\/2020\/02\/32.png"},"iphone_icon":{"url":"http:\/\/masteravada.kinsta.cloud\/wp-content\/uploads\/2020\/02\/57.png","id":"35","height":"57","width":"57","thumbnail":"http:\/\/masteravada.kinsta.cloud\/wp-content\/uploads\/2020\/02\/57.png"},"iphone_icon_retina":{"url":"http:\/\/masteravada.kinsta.cloud\/wp-content\/uploads\/2020\/02\/114.png","id":"32","height":"114","width":"114","thumbnail":"http:\/\/masteravada.kinsta.cloud\/wp-content\/uploads\/2020\/02\/114.png"},"ipad_icon":{"url":"http:\/\/masteravada.kinsta.cloud\/wp-content\/uploads\/2020\/02\/72.png","id":"34","height":"72","width":"72","thumbnail":"http:\/\/masteravada.kinsta.cloud\/wp-content\/uploads\/2020\/02\/72.png"},"ipad_icon_retina":{"url":"http:\/\/masteravada.kinsta.cloud\/wp-content\/uploads\/2020\/02\/144.png","id":"33","height":"144","width":"144","thumbnail":"http:\/\/masteravada.kinsta.cloud\/wp-content\/uploads\/2020\/02\/144.png"},"page_title_bar":"bar_and_content","page_title_bar_bs":"none","page_title_bar_text":"1","page_title_100_width":"0","page_title_height":"600px","page_title_mobile_height":"400px","page_title_bg_color":"#20212b","page_title_border_color":"rgba(255,255,255,0)","page_title_font_size":"72px","page_title_line_height":"4.5rem","page_title_color":"#ffffff","page_title_subheader_font_size":"20px","page_title_subheader_color":"#ffffff","page_title_alignment":"center","page_title_bg":{"url":"http:\/\/masteravada.kinsta.cloud\/wp-content\/uploads\/2020\/02\/mi-banner-main-image-1.jpg","id":"37","height":"1200","width":"2000","thumbnail":"http:\/\/masteravada.kinsta.cloud\/wp-content\/uploads\/2020\/02\/mi-banner-main-image-1-150x150.jpg"},"page_title_bg_retina":{"url":"","id":"","height":"","width":"","thumbnail":""},"page_title_bg_full":"1","page_title_bg_parallax":"1","page_title_fading":"0","breadcrumb_mobile":"0","breacrumb_prefix":"","breadcrumb_separator":"\/","breadcrumbs_font_size":"12px","breadcrumbs_text_color":"#ffffff","breadcrumbs_text_hover_color":"#ffffff","breadcrumb_show_categories":"0","breadcrumb_show_post_type_archive":"0","slidingbar_widgets":"0","mobile_slidingbar_widgets":"0","slidingbar_open_on_load":"0","slidingbar_position":"right","slidingbar_width":"400px","slidingbar_sticky":"1","slidingbar_widgets_columns":"1","slidingbar_column_alignment":"stacked","slidingbar_content_padding":{"top":"5%","right":"5%","bottom":"5%","left":"5%"},"slidingbar_content_align":"left","slidingbar_toggle_style":"menu","slidingbar_bg_color":"#20212a","slidingbar_divider_color":"rgba(255,255,255,0.1)","slidingbar_toggle_icon_color":"#ffffff","slidingbar_font_size":"20px","slidingbar_headings_color":"#ffffff","slidingbar_text_color":"#ffffff","slidingbar_link_color":"#f75159","slidingbar_link_color_hover":"#ffffff","slidingbar_border":"0","responsive_sidebar_order":"content,sidebar,sidebar-2","sidebar_sticky":"none","sidebar_padding":"","sidebar_bg_color":"#ffffff","sidebar_widget_bg_color":"rgba(255,255,255,0)","sidew_font_size":"13px","sidebar_heading_color":"#333c4e","pages_sidebar":"None","pages_sidebar_2":"None","pages_global_sidebar":"0","default_sidebar_pos":"Right","portfolio_sidebar":"None","portfolio_sidebar_2":"None","portfolio_global_sidebar":"0","portfolio_sidebar_position":"Right","portfolio_archive_sidebar":"None","portfolio_archive_sidebar_2":"None","posts_sidebar":"None","posts_sidebar_2":"None","posts_global_sidebar":"0","blog_sidebar_position":"Right","blog_archive_sidebar":"None","blog_archive_sidebar_2":"None","search_sidebar":"None","search_sidebar_2":"None","search_sidebar_position":"Right","bg_image":{"url":"","id":"","height":"","width":"","thumbnail":""},"bg_full":"1","bg_repeat":"no-repeat","bg_color":"#ffffff","bg_pattern_option":"0","bg_pattern":"pattern1","content_bg_color":"rgba(255,255,255,0)","content_bg_image":{"url":"","id":"","height":"","width":"","thumbnail":""},"content_bg_full":"1","content_bg_repeat":"no-repeat","body_typography":{"font-family":"Source Sans Pro","font-options":"","google":"1","font-backup":"Verdana, Geneva, sans-serif","font-weight":"300","font-style":"","subsets":"","font-size":"18px","line-height":"2rem","letter-spacing":"0","color":"#656773"},"link_color":"#f75159","h1_typography":{"font-family":"Source Sans Pro","font-options":"","google":"1","font-backup":"Verdana, Geneva, sans-serif","font-weight":"700","font-style":"","subsets":"","font-size":"72px","line-height":"4.5rem","letter-spacing":"2px","margin-top":"0","margin-bottom":"30px","color":"#333c4e"},"h2_typography":{"font-family":"Source Sans Pro","font-options":"","google":"1","font-backup":"Verdana, Geneva, sans-serif","font-weight":"700","font-style":"","subsets":"","font-size":"34px","line-height":"3rem","letter-spacing":"2px","margin-top":"0px","margin-bottom":"30px","color":"333C4E"},"h3_typography":{"font-family":"Source Sans Pro","font-options":"","google":"1","font-backup":"Verdana, Geneva, sans-serif","font-weight":"700","font-style":"","subsets":"","font-size":"32px","line-height":"2.5rem","letter-spacing":"1px","margin-top":"70px","margin-bottom":"40px","color":"333C4E"},"h4_typography":{"font-family":"Source Sans Pro","font-options":"","google":"1","font-backup":"Verdana, Geneva, sans-serif","font-weight":"600","font-style":"","subsets":"","font-size":"26px","line-height":"2rem","letter-spacing":"4px","margin-top":"","margin-bottom":"30px","color":"333C4E"},"h5_typography":{"font-family":"Source Sans Pro","font-options":"","google":"1","font-backup":"Verdana, Geneva, sans-serif","font-weight":"300","font-style":"","subsets":"","font-size":"30px","line-height":"3.5rem","letter-spacing":"0","margin-top":"0","margin-bottom":"0","color":"#656773"},"h6_typography":{"font-family":"Source Sans Pro","font-options":"","google":"1","font-backup":"Verdana, Geneva, sans-serif","font-weight":"400","font-style":"","subsets":"","font-size":"20px","line-height":"1.5rem","letter-spacing":"6px","margin-top":"0px","margin-bottom":"20px","color":"#656773"},"post_title_typography":{"font-family":"Source Sans Pro","font-options":"","google":"1","font-backup":"Verdana, Geneva, sans-serif","font-weight":"700","font-style":"","subsets":"","font-size":"18px","line-height":"2rem","letter-spacing":"3px","color":"#333c4e"},"post_titles_extras_typography":{"font-family":"Source Sans Pro","font-options":"","google":"1","font-backup":"Verdana, Geneva, sans-serif","font-weight":"700","font-style":"","subsets":"","font-size":"18px","line-height":"2rem","letter-spacing":"2px","color":"#333c4e"},"custom_fonts":{"fusionredux_repeater_data":[{"title":""},{"title":""},{"title":""},{"title":""}],"name":["Geomanist Regular","Geomanist Light","Geomanist Bold","Geomanist Medium"],"woff2":[{"url":"http:\/\/masteravada.kinsta.cloud\/wp-content\/uploads\/2020\/03\/geomanist-regular-webfont.woff2","id":"848","height":"","width":"","thumbnail":"http:\/\/masteravada.kinsta.cloud\/wp-includes\/images\/media\/default.png"},{"url":"http:\/\/masteravada.kinsta.cloud\/wp-content\/uploads\/2020\/03\/geomanist-light-webfont.woff2","id":"852","height":"","width":"","thumbnail":"http:\/\/masteravada.kinsta.cloud\/wp-includes\/images\/media\/default.png"},{"url":"http:\/\/masteravada.kinsta.cloud\/wp-content\/uploads\/2020\/03\/geomanist-bold-webfont.woff2","id":"856","height":"","width":"","thumbnail":"http:\/\/masteravada.kinsta.cloud\/wp-includes\/images\/media\/default.png"},{"url":"http:\/\/masteravada.kinsta.cloud\/wp-content\/uploads\/2020\/03\/geomanist-medium-webfont.woff2","id":"858","height":"","width":"","thumbnail":"http:\/\/masteravada.kinsta.cloud\/wp-includes\/images\/media\/default.png"}],"woff":[{"url":"http:\/\/masteravada.kinsta.cloud\/wp-content\/uploads\/2020\/03\/geomanist-regular-webfont.woff","id":"847","height":"","width":"","thumbnail":"http:\/\/masteravada.kinsta.cloud\/wp-includes\/images\/media\/default.png"},{"url":"http:\/\/masteravada.kinsta.cloud\/wp-content\/uploads\/2020\/03\/geomanist-light-webfont.woff","id":"851","height":"","width":"","thumbnail":"http:\/\/masteravada.kinsta.cloud\/wp-includes\/images\/media\/default.png"},{"url":"http:\/\/masteravada.kinsta.cloud\/wp-content\/uploads\/2020\/03\/geomanist-bold-webfont.woff","id":"855","height":"","width":"","thumbnail":"http:\/\/masteravada.kinsta.cloud\/wp-includes\/images\/media\/default.png"},{"url":"http:\/\/masteravada.kinsta.cloud\/wp-content\/uploads\/2020\/03\/geomanist-medium-webfont.woff","id":"857","height":"","width":"","thumbnail":"http:\/\/masteravada.kinsta.cloud\/wp-includes\/images\/media\/default.png"}],"ttf":[{"url":"http:\/\/masteravada.kinsta.cloud\/wp-content\/uploads\/2020\/03\/geomanist-regular-webfont.ttf","id":"846","height":"","width":"","thumbnail":"http:\/\/masteravada.kinsta.cloud\/wp-includes\/images\/media\/default.png"},{"url":"http:\/\/masteravada.kinsta.cloud\/wp-content\/uploads\/2020\/03\/geomanist-light-webfont.ttf","id":"850","height":"","width":"","thumbnail":"http:\/\/masteravada.kinsta.cloud\/wp-includes\/images\/media\/default.png"},{"url":"http:\/\/masteravada.kinsta.cloud\/wp-content\/uploads\/2020\/03\/geomanist-bold-webfont.ttf","id":"854","height":"","width":"","thumbnail":"http:\/\/masteravada.kinsta.cloud\/wp-includes\/images\/media\/default.png"},{"url":"","id":"","height":"","width":"","thumbnail":""}],"eot":[{"url":"http:\/\/masteravada.kinsta.cloud\/wp-content\/uploads\/2020\/03\/geomanist-regular-webfont.eot","id":"845","height":"","width":"","thumbnail":"http:\/\/masteravada.kinsta.cloud\/wp-includes\/images\/media\/default.png"},{"url":"http:\/\/masteravada.kinsta.cloud\/wp-content\/uploads\/2020\/03\/geomanist-light-webfont.eot","id":"849","height":"","width":"","thumbnail":"http:\/\/masteravada.kinsta.cloud\/wp-includes\/images\/media\/default.png"},{"url":"http:\/\/masteravada.kinsta.cloud\/wp-content\/uploads\/2020\/03\/geomanist-bold-webfont.eot","id":"853","height":"","width":"","thumbnail":"http:\/\/masteravada.kinsta.cloud\/wp-includes\/images\/media\/default.png"},{"url":"","id":"","height":"","width":"","thumbnail":""}],"svg":[{"url":"","id":"","height":"","width":"","thumbnail":""},{"url":"","id":"","height":"","width":"","thumbnail":""},{"url":"","id":"","height":"","width":"","thumbnail":""},{"url":"","id":"","height":"","width":"","thumbnail":""}]},"blog_page_title_bar":"hide","blog_show_page_title_bar":"hide","blog_title":"News","blog_subtitle":"","blog_layout":"grid","blog_archive_layout":"grid","blog_pagination_type":"pagination","blog_load_more_posts_button_bg_color":"#ebeaea","blog_load_more_posts_button_text_color":"#333","blog_load_more_posts_hover_button_bg_color":"rgba(235,234,234,0.8)","blog_load_more_posts_hover_button_text_color":"#333","blog_archive_grid_columns":"3","blog_archive_grid_column_spacing":"40","blog_equal_heights":"1","blog_archive_grid_padding":{"top":"5%","right":"5%","bottom":"5%","left":"5%"},"blog_layout_alignment":"left","content_length":"hide","excerpt_length_blog":"30","strip_html_excerpt":"0","featured_images":"1","dates_box_color":"#eef0f2","alternate_date_format_month_year":"m, Y","alternate_date_format_day":"j","timeline_date_format":"F Y","blog_width_100":"1","featured_images_single":"0","blog_pn_nav":"0","blog_post_title":"disabled","blog_post_meta_position":"below_article","social_sharing_box":"0","author_info":"0","related_posts":"0","blog_comments":"0","post_meta":"0","post_meta_author":"0","post_meta_date":"0","post_meta_cats":"0","post_meta_comments":"0","post_meta_read":"0","post_meta_tags":"0","meta_font_size":"12px","date_format":"F jS, Y","portfolio_archive_layout":"grid","portfolio_archive_featured_image_size":"cropped","portfolio_archive_columns":"1","portfolio_archive_column_spacing":"12","portfolio_equal_heights":"0","portfolio_archive_one_column_text_position":"floated","portfolio_archive_items":"10","portfolio_archive_text_layout":"unboxed","portfolio_archive_content_length":"excerpt","portfolio_archive_excerpt_length":"55","portfolio_archive_strip_html_excerpt":"1","portfolio_archive_title_display":"all","portfolio_archive_text_alignment":"left","portfolio_archive_layout_padding":{"top":"5%","right":"5%","bottom":"5%","left":"5%"},"portfolio_archive_pagination_type":"pagination","portfolio_archive_load_more_posts_button_bg_color":"#ebeaea","portfolio_archive_load_more_posts_button_text_color":"#333","portfolio_archive_load_more_posts_hover_button_bg_color":"rgba(235,234,234,0.8)","portfolio_archive_load_more_posts_hover_button_text_color":"#333","portfolio_slug":"portfolio-items","portfolio_meta_font_size":"26px","portfolio_pn_nav":"1","portfolio_width_100":"0","portfolio_featured_image_width":"full","portfolio_featured_images":"0","show_first_featured_image":"0","portfolio_project_desc_title":"0","portfolio_project_details":"0","portfolio_link_icon_target":"0","portfolio_author":"0","portfolio_social_sharing_box":"0","portfolio_related_posts":"0","portfolio_comments":"0","social_media_icons":{"fusionredux_repeater_data":[{"title":""},{"title":""},{"title":""},{"title":""}],"icon":["facebook","twitter","instagram","pinterest"],"url":["#","#","#","#"],"custom_title":["","","",""],"custom_source":[{"url":"","id":"","height":"","width":"","thumbnail":""},{"url":"","id":"","height":"","width":"","thumbnail":""},{"url":"","id":"","height":"","width":"","thumbnail":""},{"url":"","id":"","height":"","width":"","thumbnail":""}]},"header_social_links_font_size":"16px","header_social_links_tooltip_placement":"bottom","header_social_links_color_type":"custom","header_social_links_icon_color":"#ffffff","header_social_links_boxed":"0","header_social_links_box_color":"#f75159","header_social_links_boxed_radius":"4px","header_social_links_boxed_padding":"8px","icons_footer":"1","footer_social_links_font_size":"16px","footer_social_links_tooltip_placement":"top","footer_social_links_color_type":"custom","footer_social_links_icon_color":"#ffffff","footer_social_links_boxed":"0","footer_social_links_box_color":"#222222","footer_social_links_boxed_radius":"4px","footer_social_links_boxed_padding":"8px","sharing_social_tagline":"Share This","sharing_box_tagline_text_color":"#333333","social_bg_color":"rgba(255,255,255,0)","sharing_social_links_font_size":"14px","sharing_social_links_tooltip_placement":"top","sharing_social_links_color_type":"custom","sharing_social_links_icon_color":"#333c4e","sharing_social_links_boxed":"1","sharing_social_links_box_color":"#333c4e","sharing_social_links_boxed_radius":"0","sharing_social_links_boxed_padding":"10px","sharing_facebook":"1","sharing_twitter":"1","sharing_reddit":"0","sharing_linkedin":"0","sharing_whatsapp":"0","sharing_tumblr":"0","sharing_pinterest":"0","sharing_vk":"0","sharing_email":"0","posts_slideshow_number":"5","slideshow_autoplay":"1","slideshow_smooth_height":"0","slideshow_speed":"7000","pagination_video_slide":"0","slider_nav_box_dimensions":{"width":"30px","height":"30px"},"slider_arrow_size":"14px","tfes_dimensions":{"width":"100%","height":"400px"},"tfes_animation":"sides","tfes_autoplay":"1","tfes_interval":"3000","tfes_speed":"800","tfes_width":"150","es_title_font_size":"42px","es_caption_font_size":"20px","es_title_color":"#333c4e","es_caption_color":"#656773","status_lightbox":"1","status_lightbox_single":"0","lightbox_behavior":"all","lightbox_skin":"dark","lightbox_path":"horizontal","lightbox_animation_speed":"normal","lightbox_arrows":"1","lightbox_gallery":"0","lightbox_autoplay":"0","lightbox_slideshow_speed":"5000","lightbox_opacity":"0.95","lightbox_title":"0","lightbox_desc":"0","lightbox_social":"0","lightbox_deeplinking":"1","lightbox_post_images":"0","lightbox_video_dimensions":{"width":"1280px","height":"720px"},"email_address":"","contact_comment_position":"below","contact_form_privacy_checkbox":"0","contact_form_privacy_label":"By checking this box, you confirm that you have read and are agreeing to our terms of use regarding the storage of the data submitted through this form.","recaptcha_version":"v3","recaptcha_public":"","recaptcha_private":"","recaptcha_color_scheme":"light","recaptcha_score":"0.5","recaptcha_badge_position":"inline","gmap_api":"","gmap_api_type":"js","gmap_embed_address":"","gmap_embed_map_type":"roadmap","gmap_address":"","gmap_type":"roadmap","gmap_dimensions":{"width":"100%","height":"415px"},"gmap_topmargin":"0","map_zoom_level":"8","map_pin":"1","gmap_pin_animation":"1","map_popup":"0","map_scrollwheel":"1","map_scale":"1","map_zoomcontrol":"1","map_styling":"default","map_overlay_color":"#f75159","map_infobox_styling":"default","map_infobox_content":"","map_infobox_bg_color":"rgba(255,255,255,0)","map_infobox_text_color":"#656773","map_custom_marker_icon":"","search_filter_results":"1","search_content":["post","page"],"search_limit_to_post_titles":"0","search_form_design":"clean","live_search":"0","live_search_min_char_count":"4","live_search_results_per_page":"100","live_search_results_height":"250","live_search_display_featured_image":"1","live_search_display_post_type":"1","search_layout":"grid","search_results_per_page":"10","search_pagination_type":"pagination","search_grid_columns":"3","search_grid_column_spacing":"40","search_content_length":"excerpt","search_excerpt_length":"30","search_strip_html_excerpt":"0","search_featured_images":"1","search_meta":[],"search_new_search_position":"top","gfonts_load_method":"cdn","privacy_embeds":"1","privacy_expiry":"30","privacy_embed_types":["youtube","vimeo","facebook","twitter","gmaps","tracking"],"privacy_embed_defaults":["youtube","vimeo","facebook","twitter","gmaps","tracking"],"privacy_bg_color":"#20212a","privacy_color":"rgba(255,255,255,0.3)","privacy_bar":"1","privacy_bar_padding":{"top":"15px","right":"5%","bottom":"15px","left":"5%"},"privacy_bar_bg_color":"rgba(32,33,42,0.95)","privacy_bar_font_size":"13px","privacy_bar_color":"#ffffff","privacy_bar_link_color":"#ffffff","privacy_bar_link_hover_color":"#f75159","privacy_bar_text":"We recognise the importance of your online privacy. We use technology such as cookies to ensure that you have the best experience on our website, in accordance with our <a href=\"https:\/\/www.iubenda.com\/privacy-policy\/453868\" target=\"_blank\">privacy policy.<\/a>","privacy_bar_button_text":"OK","privacy_bar_button_save":"1","privacy_bar_more":"0","privacy_bar_more_text":"Settings","privacy_bar_update_text":"Update Settings","privacy_bar_headings_font_size":"18px","privacy_bar_headings_color":"#ffffff","privacy_bar_content":{"fusionredux_repeater_data":[{"title":""}],"type":[""],"title":[""],"description":[""]},"sidenav_behavior":"hover","featured_image_placeholder":"1","excerpt_base":"words","disable_excerpts":"0","excerpt_read_more_symbol":"[...]","link_read_more":"0","avatar_shape":"square","comments_pages":"0","featured_images_pages":"0","nofollow_social_links":"0","social_icons_new":"1","totop_position":"right_floating","totop_border_radius":"25","totop_scroll_down_only":"1","related_posts_layout":"title_on_rollover","number_related_posts":"5","related_posts_columns":"5","related_posts_column_spacing":"44","related_posts_image_size":"full","related_posts_autoplay":"0","related_posts_speed":"2500","related_posts_navigation":"1","related_posts_swipe":"1","related_posts_swipe_items":"0","image_rollover":"1","image_rollover_direction":"fade","image_rollover_icon_size":"15px","image_rollover_icons":"no","title_image_rollover":"0","cats_image_rollover":"0","icon_circle_image_rollover":"0","image_gradient_top_color":"rgba(255,255,255,0.5)","image_gradient_bottom_color":"rgba(255,255,255,0.5)","image_rollover_text_color":"rgba(255,255,255,0.1)","image_rollover_icon_color":"rgba(255,255,255,0.1)","pagination_sizing":"padding","pagination_width_height":"30","pagination_box_padding":{"width":"6px","height":"2px"},"pagination_border_width":"1","pagination_border_radius":"0","pagination_text_display":"1","pagination_font_size":"12px","pagination_range":"1","pagination_start_end_range":"0","form_input_height":"60px","form_bg_color":"#ffffff","form_text_size":"13px","form_text_color":"#656773","form_border_width":"1","form_border_color":"#d5d5d5","form_focus_border_color":"rgba(3,169,244,0.61)","form_border_radius":"0","timeline_bg_color":"rgba(255,255,255,0)","timeline_color":"#ebeaea","grid_separator_style_type":"none","grid_separator_color":"#e0dede","masonry_grid_ratio":"1.0","masonry_width_double":"2000","google_analytics":"","space_head":"","space_body":"","enable_language_updates":"1","dependencies_status":"0","smooth_scrolling":"0","disable_code_block_encoding":"1","disable_megamenu":"0","avada_rev_styles":"0","avada_styles_dropdowns":"1","disable_mobile_image_hovers":"0","status_yt":"1","status_vimeo":"1","status_gmap":"1","status_totop":"desktop","status_fusion_slider":"1","status_eslider":"0","status_fontawesome":["fab","far","fas","fal"],"fontawesome_v4_compatibility":"0","status_fontawesome_pro":"0","status_outline":"0","status_opengraph":"0","disable_date_rich_snippet_pages":"1","disable_rich_snippet_title":"1","disable_rich_snippet_author":"0","disable_rich_snippet_date":"1","enable_block_editor_backend_styles":"0","load_block_styles":"off","pw_jpeg_quality":"100","wp_big_image_size_threshold":"2560","lazy_load":"0","font_face_display":"block","emojis_disabled":"disabled","defer_styles":"0","css_cache_method":"off","media_queries_async":"0","css_vars":"0","cache_server_ip":"","js_compiler":"0","custom_css":"\/* Uppercase Titles *\/\r\n\r\n.fusion-main-menu > ul > li > a { text-transform: uppercase; }\r\n.uppercase { text-transform: uppercase; }\r\n.entry-title { text-transform: uppercase; }\r\n\r\n\r\n.fusion-main-menu .sub-menu li {\r\n    text-transform: uppercase;\r\n}\r\n\r\n.fusion-main-menu .fusion-dropdown-menu .sub-menu li a {\r\n    letter-spacing: 2px;\r\n}\r\n\r\n.fusion-mobile-nav-holder {\r\n    text-transform: uppercase;\r\n}\r\n\r\n.fusion-page-title-bar h1 {\r\n}\r\n\r\n.fusion-page-title-bar h3 {\r\n}\r\n\r\n\/* Inverted Text *\/\r\n\r\n.invert-text p { color: white; }\r\n.invert-text a { color: white; text-decoration: underline; }\r\n.invert-text h1, .invert-text h2, .invert-text h3, .invert-text h4, .invert-text h5, .invert-text h6 { color: white; }\r\n.footer-container .invert-text a { color: white; text-decoration: none; }\r\n\r\n\/* Hideme *\/\r\n\r\n.hideme { display: none !important; }\r\n\r\n\r\n\/* Responsive Padding *\/\r\n\r\n.responsive-padding {\r\n    padding-left: 10%;\r\n    padding-right: 10%;\r\n}\r\n\r\n@media only screen and (max-width: 1168px)  {\r\n    .responsive-padding {\r\n        padding-left: 5%;\r\n        padding-right: 5%;\r\n    }\r\n}\r\n    \/* No Underline *\/\r\n\r\n.no-underline {\r\n    text-decoration: none !important;\r\n}\r\n\r\n\/* Remove Button Underlines *\/\r\n\r\n.fusion-button-wrapper a.fusion-button { text-decoration: none; }\r\n\r\n\r\n\/* Uppercase Submenu *\/\r\n\r\n.fusion-dropdown-submenu { text-transform: uppercase; }\r\n.fusion-dropdown-submenu span { font-family: 'geomanist-medium' !important; letter-spacing: 2px !important; }\r\n\r\n\/* Uppercase Mobile Menu *\/\r\n\r\n.fusion-mobile-nav-item { text-transform: uppercase; }\r\n\r\n\/* Standard Border *\/\r\n\r\n.standard-border { border: 1px solid rgba(255,255,255,0.3); position: relative;}\r\n.standard-border:after {\r\n    content: '';\r\n    display: block;\r\n    position: absolute;\r\n    left: -1px;\r\n    top: -1px;\r\n    bottom: -1px;\r\n    width: 30%;\r\n    border: solid 1px #ec5f59;\r\n    border-right: none;   \r\n}\r\n\r\n\/* Mobile Footer *\/\r\n\r\n.mobile-footer .menu li {\r\n    border: none !important;\r\n}\r\n\r\n.mobile-footer .menu a:before {\r\n    content: ' ' !important;\r\n}\r\n\r\n.mobile-footer .menu .menu-item {\r\n    padding: 0 !important;\r\n}\r\n\r\n.mobile-footer .menu a:link,.mobile-footer .menu a:active, .mobile-footer .menu a:visited {\r\n    color: #cccccc !important;\r\n}\r\n\r\n.mobile-footer .menu a:hover {\r\n    color: white !important;\r\n}\r\n\r\n\/* Override BG on smaller screens *\/\r\n\r\n@media only screen and (max-width: 1024px) {\r\n    body { background: #323844 !important; background-image: none !important; }\r\n    body.home { background: #180f2e !important; background-image: none !important; }\r\n}\r\n\r\n\/* Override the BG on mobile for live dates and home *\/\r\n\r\n@media only screen and (max-width: 1179px) {\r\n    body.page-id-37, body.page-id-4453 { background: #20366B !important; background-image: none !important; } \/* Live Dates *\/\r\n    body.page-id-7 { background: #20366B !important; background-image: none !important; } \/* Home *\/\r\n    body.page-id-2659 { background: #20366B !important; background-image: none !important; }\r\n    body.home { background: #180f2e !important; background-image: none !important; }\r\n}\r\n\r\n\/* Mobile Full Width (used for images stretching outside of a container ) *\/\r\n\r\n@media only screen and (max-width: 1024px) {\r\n    .mobile-full-width {\r\n        margin-left: calc(50% - 50vw);\r\n        margin-right: calc(50% - 50vw);\r\n    }\r\n}\r\n\r\n\/* Box Shadow *\/\r\n\r\n.mi-box-shadow {\r\n  -webkit-box-shadow: 0px 0px 50px 10px rgba(4,11,20,0.5);\r\n-moz-box-shadow: 0px 0px 50px 10px rgba(4,11,20,0.5);\r\nbox-shadow: 0px 0px 50px 10px rgba(4,11,20,0.5);\r\n}","info_bg_color":"#ffffff","info_accent_color":"rgba(128,128,128,1)","danger_bg_color":"#f2dede","danger_accent_color":"rgba(166,66,66,1)","success_bg_color":"#dff0d8","success_accent_color":"rgba(92,163,64,1)","warning_bg_color":"#fcf8e3","warning_accent_color":"rgba(217,185,23,1)","alert_box_text_align":"center","alert_box_text_transform":"capitalize","alert_box_dismissable":"yes","alert_box_shadow":"yes","alert_border_size":"1","animation_offset":"top-into-view","status_css_animations":"off","audio_max_width":"100%","audio_background_color":"#1d242d","audio_progressbar_color":"#ffffff","audio_controls_color_scheme":"light","audio_border_size":"0","audio_border_color":"","audio_border_radius":{"top_left":"0px","top_right":"0px","bottom_right":"0px","bottom_left":"0px"},"blog_grid_columns":"4","blog_grid_column_spacing":"40","blog_grid_padding":{"top":"5%","right":"5%","bottom":"5%","left":"5%"},"blog_excerpt":"hide","blog_excerpt_length":"10","blog_element_load_more_posts_button_bg_color":"#ebeaea","blog_element_load_more_posts_button_text_color":"#333","blog_element_load_more_posts_hover_button_bg_color":"rgba(235,234,234,0.8)","blog_element_load_more_posts_hover_button_text_color":"#333","button_size":"Large","button_span":"yes","button_type":"Flat","button_typography":{"font-family":"Source Sans Pro","font-options":"","google":"1","font-backup":"Arial, Helvetica, sans-serif","font-weight":"600","font-style":"","subsets":"","letter-spacing":"1px"},"button_text_transform":"uppercase","button_gradient_top_color":"#ffffff","button_gradient_bottom_color":"#ffffff","button_gradient_top_color_hover":"#f75159","button_gradient_bottom_color_hover":"#f75159","button_accent_color":"#f75159","button_accent_hover_color":"#ffffff","button_bevel_color":"#f72c36","button_border_width":"1","button_border_radius":"0","button_border_color":"#f75159","button_border_hover_color":"#ffffff","carousel_nav_color":"rgba(0,0,0,0.6)","carousel_hover_color":"rgba(0,0,0,0.7)","carousel_speed":"2500","chart_legend_position":"top","chart_show_tooltips":"yes","chart_bg_color":"rgba(255,255,255,0)","chart_axis_text_color":"#666666","chart_gridline_color":"rgba(0,0,0,0.1)","checklist_icons_color":"#f75159","checklist_circle":"0","checklist_circle_color":"#ffffff","checklist_item_size":"18px","checklist_divider":"no","checklist_divider_color":"#e0dede","col_margin":{"top":"0px","bottom":"0px"},"container_padding_default":{"top":"5%","right":"5%","bottom":"5%","left":"5%"},"container_padding_100":{"top":"5%","right":"5%","bottom":"5%","left":"5%"},"full_width_bg_color":"#ffffff","full_width_gradient_start_color":"rgba(255,255,255,0)","full_width_gradient_end_color":"rgba(255,255,255,0)","full_width_border_size":"0","full_width_border_color":"rgba(234,233,233,0)","container_scroll_nav_bg_color":"#ffffff","container_scroll_nav_bullet_color":"#f75159","container_hundred_percent_scroll_sensitivity":"200","container_hundred_percent_height_mobile":"0","content_box_bg_color":"rgba(255,255,255,0)","content_box_title_size":"22","content_box_title_color":"#333c4e","content_box_body_color":"#656773","content_box_icon_size":"30","content_box_icon_color":"#ffffff","content_box_icon_circle":"yes","content_box_icon_circle_radius":"50%","content_box_icon_bg_color":"#f75159","content_box_icon_bg_inner_border_color":"#f75159","content_box_icon_bg_inner_border_size":"1","content_box_icon_bg_outer_border_color":"rgba(255,255,255,0)","content_box_icon_bg_outer_border_size":"0","content_box_icon_hover_type":"none","content_box_hover_animation_accent_color":"#f75159","content_box_link_type":"text","content_box_button_span":"no","content_box_link_area":"box","content_box_link_target":"_self","content_box_margin":{"top":"0","bottom":"0"},"countdown_timezone":"site_time","countdown_layout":"floated","countdown_show_weeks":"no","countdown_label_position":"text_flow","countdown_background_color":"#f75159","countdown_background_image":{"url":"","id":"","height":"","width":"","thumbnail":""},"countdown_background_repeat":"no-repeat","countdown_background_position":"center center","countdown_counter_box_spacing":"10px","countdown_counter_box_color":"#333333","countdown_counter_padding":{"top":"0.6em","right":"1.1em","bottom":"0.6em","left":"1.1em"},"countdown_counter_border_size":"0","countdown_counter_border_color":"#1d242d","countdown_counter_border_radius":"4px","countdown_counter_font_size":"18px","countdown_counter_text_color":"#ffffff","countdown_label_font_size":"18px","countdown_label_color":"#ffffff","countdown_heading_font_size":"18px","countdown_heading_text_color":"#ffffff","countdown_subheading_font_size":"14px","countdown_subheading_text_color":"#ffffff","countdown_link_text_color":"#ffffff","countdown_link_target":"_self","counter_box_speed":"1000","counter_box_color":"#333c4e","counter_box_title_size":"50","counter_box_icon_size":"50","counter_box_body_color":"#656773","counter_box_body_size":"13","counter_box_border_color":"#e0dede","counter_box_icon_top":"no","counter_filled_color":"#f75159","counter_unfilled_color":"#f6f6f6","dropcap_color":"#333c4e","dropcap_text_color":"#fff","faq_featured_image":"0","faq_filters":"yes","faq_accordion_type":"accordions","faq_accordion_boxed_mode":"1","faq_accordion_border_size":"1","faq_accordian_border_color":"#cccccc","faq_accordian_background_color":"#ffffff","faq_accordian_hover_color":"#ffffff","faq_accordion_divider_line":"0","faq_accordion_title_font_size":"26px","faq_accordion_icon_size":"13","faq_accordian_icon_color":"#ffffff","faq_accordion_icon_boxed":"1","faq_accordian_inactive_color":"#333333","faq_accordion_icon_align":"left","faq_accordian_active_color":"#f75159","flip_boxes_flip_effect":"classic","flip_boxes_flip_direction":"right","flip_boxes_flip_duration":"0.4","flip_boxes_equal_heights":"no","flip_boxes_front_bg":"#f6f6f6","flip_boxes_front_heading":"#333333","flip_boxes_front_text":"#747474","flip_boxes_back_bg":"#f75159","flip_boxes_back_heading":"#eeeded","flip_boxes_back_text":"#ffffff","flip_boxes_border_size":"1","flip_boxes_border_color":"rgba(255,255,255,0)","flip_boxes_border_radius":"4px","gallery_picture_size":"auto","gallery_layout":"grid","gallery_columns":"3","gallery_column_spacing":"10","gallery_hover_type":"none","gallery_lightbox_content":"none","gallery_border_size":"0","gallery_border_color":"#f6f6f6","gallery_border_radius":"0px","google_map_api_type":"js","icon_size":"32","icon_color":"#ffffff","icon_color_hover":"#ffffff","icon_circle":"yes","icon_circle_color":"#333c4e","icon_circle_color_hover":"#333c4e","icon_border_size":"1","icon_border_color":"#333c4e","icon_border_color_hover":"#333c4e","icon_hover_type":"fade","before_after_type":"before_after","before_after_font_size":"13","before_after_accent_color":"#ffffff","before_after_label_placement":"image-centered","before_after_handle_type":"default","before_after_handle_color":"#ffffff","before_after_handle_bg":"rgba(255,255,255,0)","before_after_offset":"50","before_after_orientation":"horizontal","before_after_handle_movement":"drag_click","before_after_transition_time":"0.5","imageframe_style_type":"none","imageframe_blur":"3","imgframe_style_color":"#333c4e","imageframe_border_size":"0","imgframe_border_color":"#f6f6f6","imageframe_border_radius":"0","modal_bg_color":"#ffffff","modal_border_color":"#ebebeb","person_background_color":"rgba(0,0,0,0)","person_pic_style":"none","person_pic_style_blur":"3","person_style_color":"#333c4e","person_border_color":"#e2e2e2","person_border_size":"0","person_border_radius":"0px","person_alignment":"Left","person_icon_position":"Bottom","popover_heading_bg_color":"#f6f6f6","popover_content_bg_color":"#ffffff","popover_border_color":"#ebebeb","popover_text_color":"#747474","popover_placement":"Top","portfolio_featured_image_size":"full","portfolio_columns":"3","portfolio_column_spacing":"20","portfolio_items":"10","portfolio_text_layout":"unboxed","portfolio_content_length":"excerpt","portfolio_excerpt_length":"10","portfolio_strip_html_excerpt":"1","portfolio_title_display":"title","portfolio_text_alignment":"left","portfolio_layout_padding":{"top":"5%","right":"5%","bottom":"5%","left":"5%"},"portfolio_pagination_type":"pagination","portfolio_element_load_more_posts_button_bg_color":"#ebeaea","portfolio_element_load_more_posts_button_text_color":"#333c4e","portfolio_element_load_more_posts_hover_button_bg_color":"rgba(235,234,234,0.8)","portfolio_element_load_more_posts_hover_button_text_color":"#333c4e","full_boxed_pricing_box_heading_color":"#333c4e","sep_pricing_box_heading_color":"#333c4e","pricing_box_color":"#f75159","pricing_bg_color":"#ffffff","pricing_background_color_hover":"","pricing_border_color":"#f2f3f5","pricing_divider_color":"#e2e2e2","progressbar_height":"37px","progressbar_text_position":"on_bar","progressbar_filled_color":"#f75159","progressbar_filled_border_color":"#ffffff","progressbar_filled_border_size":"0","progressbar_unfilled_color":"#f6f6f6","progressbar_text_color":"#ffffff","section_sep_border_size":"1","section_sep_bg":"#f6f6f6","section_sep_border_color":"#f6f6f6","separator_style_type":"none","sep_color":"#f75159","separator_border_size":"2","separator_icon_size":"18","separator_circle":"0","separator_circle_bg_color":"rgba(255,255,255,0)","social_links_font_size":"16px","social_links_color_type":"custom","social_links_icon_color":"#bebdbd","social_links_boxed":"1","social_links_box_color":"#e8e8e8","social_links_boxed_radius":"4px","social_links_boxed_padding":"8px","social_links_tooltip_placement":"Top","syntax_highlighter_theme":"default","syntax_highlighter_line_numbers":"yes","syntax_highlighter_line_number_background_color":"","syntax_highlighter_line_number_text_color":"","syntax_highlighter_line_wrapping":"scroll","syntax_highlighter_copy_to_clipboard":"yes","syntax_highlighter_copy_to_clipboard_text":"Copy to Clipboard","syntax_highlighter_font_size":"14","syntax_highlighter_background_color":"","syntax_highlighter_border_size":"1","syntax_highlighter_border_color":"#e0dede","syntax_highlighter_border_style":"solid","syntax_highlighter_margin":{"top":"0","right":"0","bottom":"0","left":"0"},"tabs_bg_color":"#ffffff","tabs_inactive_color":"#ebeaea","tabs_border_color":"#ebeaea","tabs_icon_position":"left","tabs_icon_size":"13","tagline_bg":"rgba(255,255,255,0)","tagline_border_color":"rgba(255,255,255,0)","tagline_margin":{"top":"0","bottom":"0"},"testimonial_bg_color":"#ffffff","testimonial_text_color":"#656773","testimonials_speed":"4000","testimonials_random":"0","text_columns":"1","text_column_min_width":"100px","text_column_spacing":"2em","text_rule_style":"none","text_rule_size":"1","text_rule_color":"#e0dede","title_style_type":"none","title_border_color":"#f75159","title_margin":{"top":"","bottom":""},"title_margin_mobile":{"top":"","bottom":""},"accordion_type":"accordions","accordion_boxed_mode":"0","accordion_border_size":"1","accordian_border_color":"#cccccc","accordian_background_color":"#ffffff","accordian_hover_color":"#ffffff","accordion_divider_line":"1","accordion_title_font_size":"26px","accordion_icon_size":"13","accordian_icon_color":"#ffffff","accordion_icon_boxed":"1","accordian_inactive_color":"#333c4e","accordian_active_color":"#f75159","accordion_icon_align":"left","user_login_text_align":"center","user_login_form_field_layout":"stacked","user_login_form_show_labels":"no","user_login_form_show_placeholders":"yes","user_login_form_show_remember_me":"no","user_login_form_background_color":"#f9f9fb","video_max_width":"100%","video_controls":"yes","video_preload":"auto","visibility_small":"800","visibility_medium":"1280","widget_area_title_size":"26px","widget_area_title_color":"#333c4e","live_dates_show_no_message":"0","live_dates_padding":{"top":"30px","right":"30px","bottom":"30px","left":"30px"},"live_dates_format":"default","live_dates_format_custom":"D jS M Y","live_dates_margin":{"top":"0px","bottom":"20px"},"live_dates_typography":{"font-family":"PT Sans","font-options":"","google":"1","font-backup":"","font-weight":"700","font-style":"","subsets":"","font-size":"14px","line-height":"1.5","letter-spacing":"0","color":"#747474"},"live_dates_text_transform":"uppercase","live_dates_color_hover":"#333333","live_dates_additional_font_size":"14","live_dates_additional_color":"#333333","live_dates_additional_color_hover":"#333333","live_dates_bg_color":"#ffffff","live_dates_bg_color_hover":"#ffffff","live_dates_border_size":"1","live_dates_border_radius":"0px","live_dates_border_color":"#f6f6f6","live_dates_border_color_hover":"#f6f6f6","live_dates_box_shadow":"0","live_dates_box_shadow_position":{"width":"","height":""},"live_dates_box_shadow_blur":"0","live_dates_box_shadow_spread":"0","live_dates_box_shadow_color":"","live_dates_box_shadow_hover":"0","live_dates_box_shadow_hover_position":{"width":"","height":""},"live_dates_box_shadow_hover_blur":"0","live_dates_box_shadow_hover_spread":"0","live_dates_box_shadow_hover_color":"","live_dates_button_margin":"10","live_dates_button_override_typography":"0","live_dates_button_typography":{"font-family":"PT Sans","font-options":"","google":"1","font-backup":"","font-weight":"700","font-style":"","subsets":"","font-size":"14px","line-height":"1.5","letter-spacing":"0"},"live_dates_button_text_transform":"uppercase","live_dates_button_span":"1","live_dates_button_padding":{"top":"15px","right":"30px","bottom":"15px","left":"30px"},"live_dates_button_color":"#ffffff","live_dates_button_bg_color":"#333333","live_dates_button_color_hover":"#ffffff","live_dates_button_bg_color_hover":"#333333","live_dates_button_border_size":"1","live_dates_button_border_radius":"0px","live_dates_button_border_color":"#f6f6f6","live_dates_button_border_color_hover":"#f6f6f6","live_dates_button_box_shadow":"0","live_dates_button_box_shadow_position":{"width":"","height":""},"live_dates_button_box_shadow_blur":"0","live_dates_button_box_shadow_spread":"0","live_dates_button_box_shadow_color":"","live_dates_button_box_shadow_hover":"0","live_dates_button_box_shadow_hover_position":{"width":"","height":""},"live_dates_button_box_shadow_hover_blur":"0","live_dates_button_box_shadow_hover_spread":"0","live_dates_button_box_shadow_hover_color":"","live_dates_featured_text_color":"#ffffff","live_dates_featured_bg_color":"#007bff","live_dates_button_color_disabled":"#fff","live_dates_button_bg_color_disabled":"#505050","live_dates_button_border_color_disabled":"#505050","live_dates_button_color_selling_fast":"#fff","live_dates_button_bg_color_selling_fast":"#007bff","live_dates_button_border_color_selling_fast":"#007bff","live_dates_button_color_featured":"#fff","live_dates_button_bg_color_featured":"#28a745","live_dates_button_border_color_featured":"#28a745","live_dates_button_color_sold_out":"#fff","live_dates_button_bg_color_sold_out":"#dc3545","live_dates_button_border_color_sold_out":"#dc3545","live_dates_filter_padding":{"top":"30px","right":"30px","bottom":"30px","left":"30px"},"live_dates_filter_typography":{"font-family":"PT Sans","font-options":"","google":"1","font-backup":"","font-weight":"700","font-style":"","subsets":"","font-size":"14px","line-height":"1.5","letter-spacing":"0","color":"#747474"},"live_dates_filter_text_transform":"uppercase","live_dates_filter_hover_color":"#f44336","live_dates_filter_selected_color":"#f44336","live_dates_breakpoint":"960","live_dates_breakpoint_padding":{"top":"30px","right":"30px","bottom":"30px","left":"30px"},"live_dates_breakpoint_alignment":"left","live_dates_breakpoint_margin":"15","live_dates_filter_breakpoint":"960","live_datesfilter__breakpoint_margin":"15","live_dates_filter_breakpoint_padding":{"top":"30px","right":"30px","bottom":"30px","left":"30px"},"scheme_type":"","color_scheme":"Green","reset_caches_button":"","container_legacy_support":"1","full_width_border_sizes":{"top":"0px","bottom":"0px","left":"0px","right":"0px"},"separator_icon_color":"","sharing_xing":"0","col_width_medium":"1_1","footer_widgets":"1","footer_widgets_columns":"4","footer_widgets_center_content":"0","footer_special_effects":"none","footer_copyright":"1","footer_copyright_center_content":"0","footer_text":"Copyright 2012 - 2020 | <a href=\"https:\/\/bit.ly\/2YJkGCr\">Avada Website Builder<\/a> by <a href=\"https:\/\/theme-fusion.com\">ThemeFusion<\/a> | All Rights Reserved | Powered by <a href=\"https:\/\/wordpress.org\">WordPress<\/a>","footerw_bg_image":[],"footerw_bg_full":"0","footerw_bg_repeat":"no-repeat","footerw_bg_pos":"center center","footer_100_width":"0","footer_area_padding":{"top":"60px","bottom":"64px","left":"0px","right":"0px"},"footer_bg_color":"#212934","footer_border_size":"0","footer_border_color":"#e2e2e2","footer_divider_line":"0","footer_divider_line_size":"1","footer_divider_line_style":"solid","footer_divider_color":"#26303e","footer_widgets_padding":"16px","copyright_padding":{"top":"20px","bottom":"20px"},"copyright_bg_color":"#1d242d","copyright_border_size":"0","copyright_border_color":"#26303e","footer_headings_typography":{"font-weight":"600","font-size":"14px","font-family":"Open Sans","font-backup":true,"google":true,"line-height":"1.5","letter-spacing":"0","color":"#ffffff"},"footer_text_color":"#rgba(255,255,255,0.6)","footer_link_color":"rgba(255,255,255,0.8)","footer_link_color_hover":"#65bc7b","copyright_text_color":"rgba(255,255,255,0.4)","copyright_link_color":"rgba(255,255,255,0.8)","copyright_link_color_hover":"#65bc7b","copyright_font_size":"13px","faq_slug":"faq-items","elegant_default_title_typography":{"font-weight":"400","font-family":"Open Sans","font-backup":true,"google":true},"elegant_default_description_typography":{"font-weight":"300","font-family":"Open Sans","font-backup":true,"google":true},"element_options_info":"Set global options for elegant elements.","elegant_carousel_slides_ipad_landscape":"3","elegant_carousel_slides_ipad":"2","elegant_carousel_slides_mobile":"1","col_spacing":"4%","col_width_small":"1_1","before_after_border_size":"0","before_after_border_color":"#e2e2e2","before_after_border_radius":"0px","fusionredux-backup":"1"}