{"avada-blog-sidebar":{"search-2":{"title":""},"recent-posts-2":{"title":"","number":5},"recent-comments-2":{"title":"","number":5}},"avada-footer-widget-1":{"archives-2":{"title":"","count":0,"dropdown":0},"categories-2":{"title":"","count":0,"hierarchical":0,"dropdown":0},"meta-2":{"title":""}},"avada-custom-sidebar-footerwidget":{"menu-widget-2":{"nav_menu":"0","alignment":"Left","menu_padding":"25px","menu_link_color":"#ccc","menu_link_hover_color":"#fff","sep_text":"|","font_size":"14px","fusion_display_title":"yes","fusion_padding_color":"","fusion_margin":"","fusion_bg_color":"","fusion_bg_radius_size":"","fusion_border_size":"","fusion_border_style":"solid","fusion_border_color":"","fusion_align":"","fusion_align_mobile":""}}}